gene	score	rank
GENE_0007	-4.828527	1
GENE_0018	-4.814731	2
GENE_0008	-4.659323	3
GENE_0015	-4.640620	4
GENE_0020	-4.300333	5
GENE_0014	-4.280531	6
GENE_0010	-4.168630	7
GENE_0019	-3.988404	8
GENE_0009	-3.981098	9
GENE_0013	-3.941700	10
GENE_0001	-3.904385	11
GENE_0016	-3.551900	12
GENE_0003	-3.502482	13
GENE_0002	-3.368346	14
GENE_0004	-3.271615	15
GENE_0012	-3.186706	16
GENE_0006	-3.119741	17
GENE_0005	-2.683438	18
GENE_0017	-2.620783	19
GENE_0011	-2.507393	20
